relative_path,filename,thematic_source_folder,extension,domain,category,order_type,business_purpose,primary_intent,detected_intents,detected_objects,scenario,confidence
Альянс онкологов/приказ на пречисление 536 000тг.docx,приказ на пречисление 536 000тг.docx,Альянс онкологов,.docx,ORGANIZATION,events,conference_support,Support conference or scientific event,обеспечить,обеспечить;контролировать,документы;финансы;проекты;процессы;контроль;закупки,S_CONFERENCE,high
Аптека/О правилах использования наркотических средств.docx,О правилах использования наркотических средств.docx,Аптека,.docx,CLINICAL,pharmacy,pharmaceutical_control,Pharmaceutical governance,назначить,назначить;изменить;контролировать;установить,сотрудники;подразделения;финансы;процессы;контроль,S_PHARMA,high
Аптека/О создании формулярной комиссии.docx,О создании формулярной комиссии.docx,Аптека,.docx,CLINICAL,pharmacy,pharmaceutical_control,Pharmaceutical governance,назначить,назначить;утвердить;создать;контролировать,сотрудники;подразделения;комиссии;документы;услуги;процессы;контроль,S_PHARMA,high
Аптека/Приказ на спирт.doc,Приказ на спирт.doc,Аптека,.doc,CLINICAL,pharmacy,pharmaceutical_control,Pharmaceutical governance,установить,,,S_PHARMA,high
Ахч/2026.Автокөлікті бекіту туралы бұйрық.docx,2026.Автокөлікті бекіту туралы бұйрық.docx,Ахч,.docx,SAFETY,facility,transport_access,Transport and access control,утвердить,утвердить;контролировать;делегировать,сотрудники;подразделения;оборудование;финансы;процессы;контроль,S_TRANSPORT,high
Ахч/2026.Автокөлікті өткізуді ұйымдастыру туралы бұйрық.docx,2026.Автокөлікті өткізуді ұйымдастыру туралы бұйрық.docx,Ахч,.docx,SAFETY,facility,transport_access,Transport and access control,назначить,назначить;организовать;обеспечить;разрешить;контролировать;делегировать,сотрудники;подразделения;оборудование;процессы;сроки;помещения;контроль,S_TRANSPORT,high
Ахч/2026.Еңбекті қорғау және техника қауіпсіздігі бойынша нұсқауды өткізу үшін жауапты тұлғаларды тағайындау туралы бұйрық.docx,2026.Еңбекті қорғау және техника қауіпсіздігі бойынша нұсқауды өткізу үшін жауапты тұлғаларды тағайындау туралы бұйрық.docx,Ахч,.docx,CLINICAL,clinical_ops,clinical_operations,Clinical service operations,назначить,назначить;создать;обеспечить;контролировать;делегировать;направить,сотрудники;подразделения;оборудование;контроль,S_CLINICAL,high
Ахч/2026.Ғимараттардың қауіпсіздігін қамтамасыз ету бойынша комиссия құру туралы бұйрық.docx,2026.Ғимараттардың қауіпсіздігін қамтамасыз ету бойынша комиссия құру туралы бұйрық.docx,Ахч,.docx,ORGANIZATION,governance_body,commission_create,Create or appoint commission,назначить,назначить;создать;организовать;обеспечить;контролировать;провести,сотрудники;подразделения;комиссии;документы;оборудование;помещения;контроль,S_COMMISSION,high
Ахч/Выделении денежных средств Кульжанов  2026.docx,Выделении денежных средств Кульжанов  2026.docx,Ахч,.docx,SAFETY,infection_control,infection_control,Infection control regime,создать,создать;контролировать;делегировать;направить;установить,подразделения;финансы;процессы;контроль,S_EPID,high
Ахч/комиссия по гос символикам 2026 год.docx,комиссия по гос символикам 2026 год.docx,Ахч,.docx,ORGANIZATION,governance_body,commission_create,Create or appoint commission,создать,создать;обеспечить;контролировать;делегировать;установить,подразделения;комиссии;документы;оборудование;контроль,S_COMMISSION,high
Ахч/комиссия по гос символикам.docx,комиссия по гос символикам.docx,Ахч,.docx,ORGANIZATION,governance_body,commission_create,Create or appoint commission,создать,создать;контролировать;делегировать,подразделения;комиссии;оборудование;контроль,S_COMMISSION,high
Ахч/оповещение дежурного.docx,оповещение дежурного.docx,Ахч,.docx,ORGANIZATION,responsibility,responsibility_assignment,Assign operational responsibility,создать,создать,сотрудники;подразделения;сроки,S_RESPONSIBILITY,medium
Ахч/приказ - субботник-2026.doc,приказ - субботник-2026.doc,Ахч,.doc,SAFETY,emergency_preparedness,emergency_drill,Conduct safety drill or emergency exercise,провести,,мероприятия,S_DRILL,high
Ахч/приказы по ПБ.docx,приказы по ПБ.docx,Ахч,.docx,CLINICAL,clinical_ops,clinical_operations,Clinical service operations,назначить,назначить;создать;обеспечить;контролировать;делегировать;направить,сотрудники;подразделения;процессы;контроль,S_CLINICAL,high
Ахч/ПРИКАЗЫ.docx,ПРИКАЗЫ.docx,Ахч,.docx,ORGANIZATION,responsibility,responsibility_assignment,Assign operational responsibility,назначить,назначить;создать,подразделения;оборудование;финансы;закупки,S_RESPONSIBILITY,high
Ахч/штабная тренировка 13.07.26г.docx,штабная тренировка 13.07.26г.docx,Ахч,.docx,SAFETY,emergency_preparedness,emergency_drill,Conduct safety drill or emergency exercise,утвердить,утвердить;создать;организовать;контролировать;провести,подразделения;документы;процессы;сроки;мероприятия;помещения;контроль;планы,S_DRILL,high
Б.Мустафина/ДОД приказ на 27.06.2026г.docx,ДОД приказ на 27.06.2026г.docx,Б.Мустафина,.docx,CLINICAL,clinical_ops,clinical_operations,Clinical service operations,организовать,организовать;обеспечить;контролировать;делегировать;направить;провести,сотрудники;подразделения;документы;процессы;контроль,S_CLINICAL,high
Б.Мустафина/МСО.docx,МСО.docx,Б.Мустафина,.docx,FINANCE,accounting,accounting_procedure,Accounting and asset decisions,утвердить,утвердить;изменить;обеспечить;контролировать;делегировать;ввести,сотрудники;подразделения;документы;финансы;процессы;контроль,S_ACCOUNTING,high
Б.Мустафина/Ответственные по конференции  2026 (1).docx,Ответственные по конференции  2026 (1).docx,Б.Мустафина,.docx,ORGANIZATION,events,conference_support,Support conference or scientific event,утвердить,утвердить;создать;организовать;контролировать;провести,подразделения;комиссии;документы;проекты;контроль,S_CONFERENCE,high
Б.Мустафина/приказ ДД на 14.02.2026год.docx,приказ ДД на 14.02.2026год.docx,Б.Мустафина,.docx,CLINICAL,clinical_ops,clinical_operations,Clinical service operations,организовать,организовать;обеспечить;контролировать;делегировать;направить;провести,сотрудники;подразделения;документы;процессы;контроль,S_CLINICAL,high
Б.Мустафина/приказ по Дню открытых дверей 25.04.2026.docx,приказ по Дню открытых дверей 25.04.2026.docx,Б.Мустафина,.docx,CLINICAL,clinical_ops,clinical_operations,Clinical service operations,организовать,организовать;обеспечить;контролировать;делегировать;направить;провести,сотрудники;подразделения;документы;процессы;сроки;контроль,S_CLINICAL,high
Б.Мустафина/приказ по Дню открытых дверей 30.05.2025.docx,приказ по Дню открытых дверей 30.05.2025.docx,Б.Мустафина,.docx,CLINICAL,clinical_ops,clinical_operations,Clinical service operations,организовать,организовать;обеспечить;контролировать;делегировать;направить;провести,сотрудники;подразделения;документы;процессы;сроки;контроль,S_CLINICAL,high
Б.Мустафина/Приказ по Дню открытых дверей 31.01.2026год (3).docx,Приказ по Дню открытых дверей 31.01.2026год (3).docx,Б.Мустафина,.docx,CLINICAL,clinical_ops,clinical_operations,Clinical service operations,организовать,организовать;обеспечить;контролировать;делегировать;направить;провести,сотрудники;подразделения;документы;процессы;контроль,S_CLINICAL,high
Б.Мустафина/Приказ по ответсвенным 12-13 ноября 2026год(5).docx,Приказ по ответсвенным 12-13 ноября 2026год(5).docx,Б.Мустафина,.docx,ORGANIZATION,events,conference_support,Support conference or scientific event,утвердить,утвердить;создать;организовать;контролировать;провести,подразделения;комиссии;документы;проекты;контроль,S_CONFERENCE,high
Б.Мустафина/проект приказа по кураторам 2026 (2).docx,проект приказа по кураторам 2026 (2).docx,Б.Мустафина,.docx,CLINICAL,clinical_ops,clinical_operations,Clinical service operations,утвердить,утвердить;создать;организовать,сотрудники;проекты,S_CLINICAL,high
Бухгалтерия/комиссия по акту приема-передая осн.средств 2026.docx,комиссия по акту приема-передая осн.средств 2026.docx,Бухгалтерия,.docx,FINANCE,accounting,accounting_procedure,Accounting and asset decisions,утвердить,утвердить;создать;изменить;контролировать;делегировать;ввести,подразделения;комиссии;документы;имущество;оборудование;финансы;процессы;контроль,S_ACCOUNTING,high
Бухгалтерия/комиссия по осн.средствам 2026.docx,комиссия по осн.средствам 2026.docx,Бухгалтерия,.docx,FINANCE,accounting,accounting_procedure,Accounting and asset decisions,утвердить,утвердить;создать;изменить;контролировать;делегировать;ввести,сотрудники;подразделения;комиссии;имущество;оборудование;финансы;процессы;контроль,S_ACCOUNTING,high
Бухгалтерия/о выделении денежных средств Кульжанову 32600.docx,о выделении денежных средств Кульжанову 32600.docx,Бухгалтерия,.docx,FINANCE,allocation,funds_allocation,Allocate funds,контролировать,контролировать;делегировать,подразделения;документы;финансы;процессы;контроль,S_FUNDS,high
Бухгалтерия/о выделении денежных средств Кульжанову 38000 тенге.docx,о выделении денежных средств Кульжанову 38000 тенге.docx,Бухгалтерия,.docx,SAFETY,facility,transport_access,Transport and access control,контролировать,контролировать;делегировать,подразделения;документы;оборудование;финансы;услуги;процессы;контроль,S_TRANSPORT,high
Бухгалтерия/о выделении денежных средств Кульжанову 44007.docx,о выделении денежных средств Кульжанову 44007.docx,Бухгалтерия,.docx,FINANCE,allocation,funds_allocation,Allocate funds,контролировать,контролировать;делегировать,подразделения;имущество;финансы;процессы;контроль,S_FUNDS,high
Бухгалтерия/о выплате Бейсеновой Ш.С..docx,о выплате Бейсеновой Ш.С..docx,Бухгалтерия,.docx,FINANCE,accounting,accounting_procedure,Accounting and asset decisions,контролировать,контролировать;делегировать,процессы;контроль,S_ACCOUNTING,medium
Бухгалтерия/О проведении инвен-и дебит.кредит задолженности 2025.docx,О проведении инвен-и дебит.кредит задолженности 2025.docx,Бухгалтерия,.docx,FINANCE,accounting,accounting_procedure,Accounting and asset decisions,утвердить,утвердить;изменить;контролировать;делегировать;провести;ввести,процессы;контроль,S_ACCOUNTING,high
Бухгалтерия/об утверждении исполнение плана 2025.docx,об утверждении исполнение плана 2025.docx,Бухгалтерия,.docx,GOVERNANCE,regulation,document_approval,Approve internal regulation,утвердить,утвердить;контролировать;делегировать,документы;проекты;процессы;контроль,S_REGULATION,high
Бухгалтерия/об утверждении исполнение плана.docx,об утверждении исполнение плана.docx,Бухгалтерия,.docx,GOVERNANCE,regulation,document_approval,Approve internal regulation,утвердить,утвердить;контролировать;делегировать,документы;процессы;контроль,S_REGULATION,high
Бухгалтерия/об утверждении финансовой отчетностии  2025.docx,об утверждении финансовой отчетностии  2025.docx,Бухгалтерия,.docx,FINANCE,accounting,accounting_procedure,Accounting and asset decisions,утвердить,утвердить;организовать;контролировать;делегировать,процессы;контроль,S_ACCOUNTING,high
Бухгалтерия/по инвентаризацию денежных средств 2026.docx,по инвентаризацию денежных средств 2026.docx,Бухгалтерия,.docx,FINANCE,accounting,accounting_procedure,Accounting and asset decisions,утвердить,утвердить;создать;изменить;контролировать;делегировать;ввести,комиссии;финансы;процессы;контроль,S_ACCOUNTING,high
Бухгалтерия/по оплате в СКФ.docx,по оплате в СКФ.docx,Бухгалтерия,.docx,CLINICAL,pharmacy,pharmaceutical_control,Pharmaceutical governance,обеспечить,обеспечить;контролировать,комиссии;документы;финансы;процессы;контроль,S_PHARMA,high
Бухгалтерия/по полезному сроку осн.средств 2026.docx,по полезному сроку осн.средств 2026.docx,Бухгалтерия,.docx,FINANCE,accounting,accounting_procedure,Accounting and asset decisions,утвердить,утвердить;создать;изменить;контролировать;делегировать;ввести,подразделения;комиссии;имущество;оборудование;финансы;процессы;сроки;контроль,S_ACCOUNTING,high
Бухгалтерия/по учетной политике 2026.docx,по учетной политике 2026.docx,Бухгалтерия,.docx,FINANCE,accounting,accounting_procedure,Accounting and asset decisions,утвердить,утвердить;организовать;обеспечить;контролировать;делегировать,процессы;контроль,S_ACCOUNTING,high
Бухгалтерия/по учетной политике.docx,по учетной политике.docx,Бухгалтерия,.docx,FINANCE,accounting,accounting_procedure,Accounting and asset decisions,утвердить,утвердить;организовать;обеспечить;контролировать;делегировать,процессы;контроль,S_ACCOUNTING,high
Бухгалтерия/Приказ по поводу ОППВ ИБ.docx,Приказ по поводу ОППВ ИБ.docx,Бухгалтерия,.docx,FINANCE,accounting,accounting_procedure,Accounting and asset decisions,утвердить,утвердить;контролировать;делегировать,сотрудники;подразделения;финансы;процессы;контроль,S_ACCOUNTING,high
Бухгалтерия/Приказ по поводу ОППВ наш 2026 — за апрель.docx,Приказ по поводу ОППВ наш 2026 — за апрель.docx,Бухгалтерия,.docx,FINANCE,accounting,accounting_procedure,Accounting and asset decisions,утвердить,утвердить;контролировать,сотрудники;документы;финансы;процессы;контроль,S_ACCOUNTING,medium
Бухгалтерия/Приказ по поводу ОППВ наш 2026 — за май.docx,Приказ по поводу ОППВ наш 2026 — за май.docx,Бухгалтерия,.docx,FINANCE,accounting,accounting_procedure,Accounting and asset decisions,утвердить,утвердить;контролировать,сотрудники;документы;финансы;процессы;контроль,S_ACCOUNTING,medium
Бухгалтерия/Приказ по поводу ОППВ наш 2026 — за март.docx,Приказ по поводу ОППВ наш 2026 — за март.docx,Бухгалтерия,.docx,FINANCE,accounting,accounting_procedure,Accounting and asset decisions,утвердить,утвердить;контролировать,сотрудники;документы;финансы;процессы;контроль,S_ACCOUNTING,medium
Бухгалтерия/Приказ по поводу ОППВ наш 2026 — за февраль.docx,Приказ по поводу ОППВ наш 2026 — за февраль.docx,Бухгалтерия,.docx,FINANCE,accounting,accounting_procedure,Accounting and asset decisions,утвердить,утвердить;контролировать,сотрудники;документы;финансы;процессы;контроль,S_ACCOUNTING,medium
Бухгалтерия/приказ по списанию ТМЗ 2026.docx,приказ по списанию ТМЗ 2026.docx,Бухгалтерия,.docx,FINANCE,accounting,accounting_procedure,Accounting and asset decisions,назначить,назначить;создать;изменить,подразделения;комиссии;имущество;финансы;процессы;закупки,S_ACCOUNTING,high
ВЦРО/О создании внутренней комиссии по проверке состояния радиационной безопасности.docx,О создании внутренней комиссии по проверке состояния радиационной безопасности.docx,ВЦРО,.docx,ORGANIZATION,governance_body,commission_create,Create or appoint commission,утвердить,утвердить;создать;обеспечить;контролировать;делегировать,сотрудники;подразделения;комиссии;документы;оборудование;процессы;контроль,S_COMMISSION,high
ВЦРО/ответственный ВЦРО 2026.docx,ответственный ВЦРО 2026.docx,ВЦРО,.docx,SAFETY,radiation,radiation_safety,Radiation safety,назначить,назначить;обеспечить;контролировать;делегировать,подразделения;оборудование;процессы;контроль,S_RADIATION,high
ВЦРО/по инвентаризации.docx,по инвентаризации.docx,ВЦРО,.docx,ORGANIZATION,governance_body,commission_create,Create or appoint commission,создать,создать;обеспечить;контролировать,комиссии;документы;процессы;контроль,S_COMMISSION,high
Главная медсестра/по наркотических веществам ответственные.doc,по наркотических веществам ответственные.doc,Главная медсестра,.doc,ORGANIZATION,responsibility,responsibility_assignment,Assign operational responsibility,назначить,,сотрудники,S_RESPONSIBILITY,high
Главная медсестра/Приказ 2026 год СМС.docx,Приказ 2026 год СМС.docx,Главная медсестра,.docx,FINANCE,planning,economic_plan,Approve economic plan,утвердить,утвердить;создать;контролировать;делегировать,сотрудники;подразделения;документы;процессы;мероприятия;контроль;планы,S_PLAN,high
Главная медсестра/приказ студенты 15 мамыр – 23 мамыр.docx,приказ студенты 15 мамыр – 23 мамыр.docx,Главная медсестра,.docx,CLINICAL,clinical_ops,clinical_operations,Clinical service operations,назначить,назначить;организовать;контролировать;делегировать;провести,сотрудники;подразделения;контроль,S_CLINICAL,high
Гос.закуп/Приказ из одного источника ПП. 28 п.3 ст.16 (съемка).docx,Приказ из одного источника ПП. 28 п.3 ст.16 (съемка).docx,Гос.закуп,.docx,GOVERNANCE,procurement,procurement_procedure,Authorize procurement,организовать,организовать;обеспечить;контролировать;делегировать,сотрудники;финансы;услуги;процессы;контроль;закупки,S_PROCUREMENT,high
"Гос.закуп/Приказ на открытый конкурс расходные материалы и запчасти, необходимые для отделения ЦСО (1).docx","Приказ на открытый конкурс расходные материалы и запчасти, необходимые для отделения ЦСО (1).docx",Гос.закуп,.docx,GOVERNANCE,procurement,procurement_procedure,Authorize procurement,назначить,назначить;утвердить;создать;организовать;контролировать;провести,подразделения;комиссии;имущество;финансы;процессы;контроль;закупки,S_PROCUREMENT,high
"Гос.закуп/Приказ на открытый конкурс расходные материалы и запчасти, необходимые для отделения ЦСО (5).docx","Приказ на открытый конкурс расходные материалы и запчасти, необходимые для отделения ЦСО (5).docx",Гос.закуп,.docx,GOVERNANCE,procurement,procurement_procedure,Authorize procurement,назначить,назначить;утвердить;создать;организовать;контролировать;провести,подразделения;комиссии;имущество;финансы;процессы;контроль;закупки,S_PROCUREMENT,high
Гос.закуп/Приказ на открытый конкурс Услуги по ускореннойкурьерской почтовой связи.docx,Приказ на открытый конкурс Услуги по ускореннойкурьерской почтовой связи.docx,Гос.закуп,.docx,GOVERNANCE,procurement,procurement_procedure,Authorize procurement,назначить,назначить;утвердить;создать;организовать;контролировать;провести,сотрудники;подразделения;комиссии;финансы;услуги;процессы;контроль;закупки,S_PROCUREMENT,high
Гос.закуп/Приказ о внесении изменений в план каз рус 03.07.2026.doc,Приказ о внесении изменений в план каз рус 03.07.2026.doc,Гос.закуп,.doc,FINANCE,planning,economic_plan,Approve economic plan,изменить,изменить,документы;закупки;планы,S_PLAN,high
Инсульт/группа А инсульт 2026год.doc,группа А инсульт 2026год.doc,Инсульт,.doc,CLINICAL,clinical_ops,clinical_operations,Clinical service operations,организовать,,,S_CLINICAL,high
ККМУ/1. Приказ БС на 2026.docx,1. Приказ БС на 2026.docx,ККМУ,.docx,ORGANIZATION,governance_body,commission_create,Create or appoint commission,назначить,назначить;утвердить;создать;организовать;обеспечить;контролировать,сотрудники;подразделения;комиссии;имущество;помещения;контроль,S_COMMISSION,high
ККМУ/2. ЛКК 2026.docx,2. ЛКК 2026.docx,ККМУ,.docx,ORGANIZATION,governance_body,commission_create,Create or appoint commission,утвердить,утвердить;создать;организовать;обеспечить;контролировать;отменить,сотрудники;подразделения;комиссии;документы;процессы;контроль,S_COMMISSION,high
ККМУ/3. Приказ по КИЛИ.doc  17.01.26г. — копия.doc,3. Приказ по КИЛИ.doc  17.01.26г. — копия.doc,ККМУ,.doc,ADMINISTRATIVE,general,operational_directive,General administrative directive,делегировать,,,S_GENERAL,low
ККМУ/4. МДГ 2026.docx,4. МДГ 2026.docx,ККМУ,.docx,CLINICAL,clinical_ops,clinical_operations,Clinical service operations,назначить,назначить;утвердить;создать;изменить;организовать;контролировать,сотрудники;подразделения;комиссии;документы;оборудование;процессы;контроль,S_CLINICAL,high
ККМУ/биоэтика от 16.01.26/Инструкция по ролям (1).docx,Инструкция по ролям (1).docx,ККМУ,.docx,ORGANIZATION,governance_body,commission_create,Create or appoint commission,назначить,назначить;изменить;организовать;обеспечить;разрешить;контролировать,подразделения;комиссии;документы;имущество;финансы;услуги;процессы;контроль,S_COMMISSION,high
ККМУ/биоэтика от 16.01.26/Приказ о КБЭ ММЦ.docx,Приказ о КБЭ ММЦ.docx,ККМУ,.docx,ORGANIZATION,governance_body,commission_create,Create or appoint commission,утвердить,утвердить;создать;организовать;обеспечить;контролировать,сотрудники;подразделения;комиссии;документы;процессы;контроль,S_COMMISSION,high
ККМУ/биоэтика от 16.01.26/Приложение 2 Должностные инструкции ЛКБ.docx,Приложение 2 Должностные инструкции ЛКБ.docx,ККМУ,.docx,GOVERNANCE,regulation,document_approval,Approve internal regulation,назначить,назначить;организовать;обеспечить;контролировать,комиссии;документы;процессы;мероприятия;контроль;планы,S_REGULATION,high
ККМУ/биоэтика от 16.01.26/Приложение 3 Перечень СОПов.docx,Приложение 3 Перечень СОПов.docx,ККМУ,.docx,GOVERNANCE,regulation,document_approval,Approve internal regulation,организовать,организовать;обеспечить,комиссии;документы;процессы;мероприятия,S_REGULATION,high
ККМУ/Приказ состав КБЭ ММЦ.docx,Приказ состав КБЭ ММЦ.docx,ККМУ,.docx,ORGANIZATION,governance_body,commission_create,Create or appoint commission,утвердить,утвердить;создать;организовать;контролировать,сотрудники;подразделения;комиссии;документы;процессы;контроль,S_COMMISSION,high
ККМУ/Проект приказа по оформлению ИС (1).docx,Проект приказа по оформлению ИС (1).docx,ККМУ,.docx,CLINICAL,clinical_ops,clinical_operations,Clinical service operations,назначить,назначить;организовать;направить,сотрудники;документы;имущество;финансы;проекты;услуги;процессы;мероприятия,S_CLINICAL,high
ККМУ/Проект приказа_порт с переводом.docx,Проект приказа_порт с переводом.docx,ККМУ,.docx,CLINICAL,clinical_ops,clinical_operations,Clinical service operations,утвердить,утвердить;создать;организовать;обеспечить;запретить;контролировать,сотрудники;подразделения;документы;финансы;проекты;услуги;сроки;контроль,S_CLINICAL,high
"Командировка/А.Смагулова, А.Исимбаева командировка г.Алматы.docx","А.Смагулова, А.Исимбаева командировка г.Алматы.docx",Командировка,.docx,OPERATIONS,mobility,business_travel,Authorize employee travel,контролировать,контролировать;направить,сотрудники;подразделения;контроль,S_TRAVEL,high
Командировка/Аймуханов С.С. г.Астана 22-23 мая.docx,Аймуханов С.С. г.Астана 22-23 мая.docx,Командировка,.docx,OPERATIONS,mobility,business_travel,Authorize employee travel,контролировать,контролировать;направить,сотрудники;подразделения;документы;проекты;контроль,S_TRAVEL,high
Командировка/Амандосова А. г.Алматы.docx,Амандосова А. г.Алматы.docx,Командировка,.docx,CLINICAL,clinical_ops,clinical_operations,Clinical service operations,контролировать,контролировать;направить,сотрудники;подразделения;проекты;контроль,S_CLINICAL,high
Командировка/Давранов А.Ж. г.Алматы.docx,Давранов А.Ж. г.Алматы.docx,Командировка,.docx,OPERATIONS,mobility,business_travel,Authorize employee travel,контролировать,контролировать;направить,сотрудники;финансы;контроль,S_TRAVEL,high
Командировка/Ереп В.В. командировка г.Алматы.docx,Ереп В.В. командировка г.Алматы.docx,Командировка,.docx,OPERATIONS,mobility,business_travel,Authorize employee travel,обеспечить,обеспечить;контролировать;направить,сотрудники;подразделения;контроль,S_TRAVEL,high
Командировка/Есмагамбетова Э и Несипханов Н командировка.docx,Есмагамбетова Э и Несипханов Н командировка.docx,Командировка,.docx,OPERATIONS,mobility,business_travel,Authorize employee travel,контролировать,контролировать;направить,сотрудники;подразделения;оборудование;финансы;процессы;контроль,S_TRAVEL,high
Командировка/Жекеева Ж.Т. г.Алматы.docx,Жекеева Ж.Т. г.Алматы.docx,Командировка,.docx,OPERATIONS,mobility,business_travel,Authorize employee travel,контролировать,контролировать;направить,сотрудники;финансы;проекты;контроль,S_TRAVEL,high
Командировка/Жумагазин Жанабай г.Алматы командировка.docx,Жумагазин Жанабай г.Алматы командировка.docx,Командировка,.docx,OPERATIONS,mobility,business_travel,Authorize employee travel,контролировать,контролировать;направить,сотрудники;финансы;контроль,S_TRAVEL,high
Командировка/Жумагазин Жанабай г.Шымкент.docx,Жумагазин Жанабай г.Шымкент.docx,Командировка,.docx,OPERATIONS,mobility,business_travel,Authorize employee travel,контролировать,контролировать;направить,сотрудники;документы;контроль,S_TRAVEL,high
Командировка/Жусупова Б.Т. г.Алматы 21-22 мая.docx,Жусупова Б.Т. г.Алматы 21-22 мая.docx,Командировка,.docx,OPERATIONS,mobility,business_travel,Authorize employee travel,контролировать,контролировать;направить,сотрудники;контроль,S_TRAVEL,high
Командировка/Жусупова Б.Т. г.Алматы.docx,Жусупова Б.Т. г.Алматы.docx,Командировка,.docx,OPERATIONS,mobility,business_travel,Authorize employee travel,контролировать,контролировать;направить,сотрудники;подразделения;процессы;контроль,S_TRAVEL,high
Командировка/Зеленый А.Г. в КНР командировка.docx,Зеленый А.Г. в КНР командировка.docx,Командировка,.docx,OPERATIONS,mobility,business_travel,Authorize employee travel,контролировать,контролировать;направить,сотрудники;подразделения;проекты;процессы;контроль,S_TRAVEL,high
Командировка/Ильясова А.А.  г.Вена командировка.docx,Ильясова А.А.  г.Вена командировка.docx,Командировка,.docx,OPERATIONS,mobility,business_travel,Authorize employee travel,контролировать,контролировать;направить,сотрудники;подразделения;процессы;контроль,S_TRAVEL,high
Командировка/Исимбаева Асель в Египет командировка.docx,Исимбаева Асель в Египет командировка.docx,Командировка,.docx,OPERATIONS,mobility,business_travel,Authorize employee travel,контролировать,контролировать;направить,сотрудники;подразделения;проекты;процессы;контроль,S_TRAVEL,high
"Командировка/Исканова Л, Сагадиева Г, Айдарова г.Туркистан.docx","Исканова Л, Сагадиева Г, Айдарова г.Туркистан.docx",Командировка,.docx,OPERATIONS,mobility,business_travel,Authorize employee travel,контролировать,контролировать;направить,сотрудники;подразделения;финансы;контроль,S_TRAVEL,high
Командировка/командировка Жусупова Б.Т..docx,командировка Жусупова Б.Т..docx,Командировка,.docx,OPERATIONS,mobility,business_travel,Authorize employee travel,контролировать,контролировать;направить,сотрудники;подразделения;процессы;контроль,S_TRAVEL,high
Командировка/командировка Тулеутаева М.Е в Кокшетау.docx,командировка Тулеутаева М.Е в Кокшетау.docx,Командировка,.docx,OPERATIONS,mobility,business_travel,Authorize employee travel,разрешить,разрешить;делегировать;направить,документы,S_TRAVEL,high
Командировка/Кумисбекова Р.К. в Испанию.docx,Кумисбекова Р.К. в Испанию.docx,Командировка,.docx,OPERATIONS,mobility,business_travel,Authorize employee travel,контролировать,контролировать;направить,сотрудники;подразделения;проекты;процессы;контроль,S_TRAVEL,high
Командировка/Куралбаев Ж и Джумагалиев А г.Алматы.docx,Куралбаев Ж и Джумагалиев А г.Алматы.docx,Командировка,.docx,OPERATIONS,mobility,business_travel,Authorize employee travel,контролировать,контролировать;направить,сотрудники;подразделения;финансы;контроль,S_TRAVEL,high
Командировка/Курманов Т.А.  г.Алматы.docx,Курманов Т.А.  г.Алматы.docx,Командировка,.docx,OPERATIONS,mobility,business_travel,Authorize employee travel,контролировать,контролировать,сотрудники;контроль,S_TRAVEL,high
Командировка/Кусембаева А.Д. г.Астана 22-23 мая.docx,Кусембаева А.Д. г.Астана 22-23 мая.docx,Командировка,.docx,OPERATIONS,mobility,business_travel,Authorize employee travel,контролировать,контролировать;направить,сотрудники;подразделения;документы;проекты;контроль,S_TRAVEL,high
Командировка/Кыстаубаев Б.С. г.Лиссабон командировка.docx,Кыстаубаев Б.С. г.Лиссабон командировка.docx,Командировка,.docx,OPERATIONS,mobility,business_travel,Authorize employee travel,контролировать,контролировать;направить,сотрудники;процессы;мероприятия;контроль,S_TRAVEL,high
Командировка/Кыстаубаев Б.С. г.Уральск.docx,Кыстаубаев Б.С. г.Уральск.docx,Командировка,.docx,OPERATIONS,mobility,business_travel,Authorize employee travel,контролировать,контролировать,сотрудники;контроль,S_TRAVEL,high
Командировка/Омарбеков А.К командировка Казань.docx,Омарбеков А.К командировка Казань.docx,Командировка,.docx,OPERATIONS,mobility,business_travel,Authorize employee travel,контролировать,контролировать;направить,сотрудники;подразделения;проекты;процессы;контроль,S_TRAVEL,high
Командировка/Омарбеков А.К командировка.docx,Омарбеков А.К командировка.docx,Командировка,.docx,OPERATIONS,mobility,business_travel,Authorize employee travel,контролировать,контролировать;направить,сотрудники;подразделения;процессы;контроль,S_TRAVEL,high
"Командировка/Омарова Г, Каюпова А командировка обучение.docx","Омарова Г, Каюпова А командировка обучение.docx",Командировка,.docx,FINANCE,accounting,accounting_procedure,Accounting and asset decisions,направить,направить;ввести,сотрудники;подразделения;финансы;процессы;мероприятия,S_ACCOUNTING,high
Командировка/Оразбекова Б.С. г.Минск.docx,Оразбекова Б.С. г.Минск.docx,Командировка,.docx,OPERATIONS,mobility,business_travel,Authorize employee travel,контролировать,контролировать;делегировать,сотрудники;документы;контроль,S_TRAVEL,high
Командировка/Салимбаева А.С. г.Алматы.docx,Салимбаева А.С. г.Алматы.docx,Командировка,.docx,OPERATIONS,mobility,business_travel,Authorize employee travel,контролировать,контролировать;направить,сотрудники;подразделения;финансы;контроль,S_TRAVEL,high
Командировка/Сембаев Д.Р. г.Алматы 21-22 мая.docx,Сембаев Д.Р. г.Алматы 21-22 мая.docx,Командировка,.docx,OPERATIONS,mobility,business_travel,Authorize employee travel,контролировать,контролировать;направить,сотрудники;подразделения;контроль,S_TRAVEL,high
Командировка/Сумкаева Ж.Н КДЛ г.Алматы.docx,Сумкаева Ж.Н КДЛ г.Алматы.docx,Командировка,.docx,DEVELOPMENT,training,training_assignment,Assign training or practice,направить,направить;ввести,сотрудники;финансы;процессы,S_TRAINING,high
Командировка/Толеген У и Сләмғазиев С ВЦРО от 12 марта.docx,Толеген У и Сләмғазиев С ВЦРО от 12 марта.docx,Командировка,.docx,OPERATIONS,mobility,business_travel,Authorize employee travel,контролировать,контролировать;направить,сотрудники;подразделения;оборудование;финансы;процессы;контроль,S_TRAVEL,high
Командировка/Тохпанова Н.А. Алматы 28-29 мая.docx,Тохпанова Н.А. Алматы 28-29 мая.docx,Командировка,.docx,OPERATIONS,mobility,business_travel,Authorize employee travel,контролировать,контролировать;направить,сотрудники;контроль,S_TRAVEL,high
Командировка/Тохпанова Н.А. Гонконг 6-12 мая.docx,Тохпанова Н.А. Гонконг 6-12 мая.docx,Командировка,.docx,OPERATIONS,mobility,business_travel,Authorize employee travel,контролировать,контролировать;направить,сотрудники;контроль,S_TRAVEL,high
"Командировка/Тукусова А, Нурлан Л командировка г.Алматы.docx","Тукусова А, Нурлан Л командировка г.Алматы.docx",Командировка,.docx,OPERATIONS,mobility,business_travel,Authorize employee travel,контролировать,контролировать;направить,сотрудники;подразделения;контроль,S_TRAVEL,high
Командировка/Тулеутаев г.Минск.docx,Тулеутаев г.Минск.docx,Командировка,.docx,OPERATIONS,mobility,business_travel,Authorize employee travel,контролировать,контролировать;делегировать,контроль,S_TRAVEL,high
Командировка/Тулеутаев М.Е Абай обл на машине.docx,Тулеутаев М.Е Абай обл на машине.docx,Командировка,.docx,OPERATIONS,mobility,business_travel,Authorize employee travel,разрешить,разрешить;делегировать;направить,документы,S_TRAVEL,high
Командировка/Әбу А.Б. г.Алматы.docx,Әбу А.Б. г.Алматы.docx,Командировка,.docx,CLINICAL,clinical_ops,clinical_operations,Clinical service operations,контролировать,контролировать;направить,сотрудники;подразделения;проекты;контроль,S_CLINICAL,high
Комплаенс-офицер/приказ вакр 2026г готов.docx,приказ вакр 2026г готов.docx,Комплаенс-офицер,.docx,GOVERNANCE,compliance,compliance_program,Compliance program,утвердить,утвердить;создать;организовать;контролировать;направить;провести,подразделения;документы;процессы;контроль;закупки,S_COMPLIANCE,high
Лучевая/группа А лучевая 2026год.doc,группа А лучевая 2026год.doc,Лучевая,.doc,CLINICAL,clinical_ops,clinical_operations,Clinical service operations,организовать,,,S_CLINICAL,high
Лучевая/по ЛД КТиМРТ ежемес.оплата.docx,по ЛД КТиМРТ ежемес.оплата.docx,Лучевая,.docx,FINANCE,revenue,paid_services,Regulate paid services or payroll charges,утвердить,утвердить;обеспечить;контролировать;делегировать;направить,сотрудники;подразделения;документы;имущество;финансы;услуги;процессы;контроль,S_PAID_SERVICES,high
Нурбеков Б.Б/ПРИКАЗ НУРБЕКОВ каз.docx,ПРИКАЗ НУРБЕКОВ каз.docx,Нурбеков Б.Б,.docx,GOVERNANCE,procurement,procurement_procedure,Authorize procurement,обеспечить,обеспечить;контролировать;делегировать,сотрудники;документы;имущество;контроль;закупки,S_PROCUREMENT,high
Нурбеков Б.Б/ПРОЕКТ приказа (1) НУРБЕКОВ.docx,ПРОЕКТ приказа (1) НУРБЕКОВ.docx,Нурбеков Б.Б,.docx,GOVERNANCE,procurement,procurement_procedure,Authorize procurement,организовать,организовать;обеспечить;контролировать,сотрудники;документы;имущество;финансы;проекты;услуги;процессы;информационные системы,S_PROCUREMENT,high
"О снятии испытательного срока/о снятии испыт Нехметжанова, Экзекова.docx","о снятии испыт Нехметжанова, Экзекова.docx",О снятии испытательного срока,.docx,CLINICAL,clinical_ops,clinical_operations,Clinical service operations,контролировать,контролировать;делегировать;установить,сотрудники;подразделения;сроки;контроль,S_CLINICAL,high
"О снятии испытательного срока/о снятии испыт Салтаева, Хасенова, Тимофеевич.docx","о снятии испыт Салтаева, Хасенова, Тимофеевич.docx",О снятии испытательного срока,.docx,SAFETY,infection_control,infection_control,Infection control regime,контролировать,контролировать;делегировать;установить,подразделения;сроки;контроль,S_EPID,high
Обучение/Жаксыбаев Д обучение в НЦН.docx,Жаксыбаев Д обучение в НЦН.docx,Обучение,.docx,CLINICAL,clinical_ops,clinical_operations,Clinical service operations,контролировать,контролировать;направить,сотрудники;финансы;мероприятия;контроль,S_CLINICAL,high
Обучение/Жумагазин Ж.Д. обучение в МУА.docx,Жумагазин Ж.Д. обучение в МУА.docx,Обучение,.docx,DEVELOPMENT,training,training_assignment,Assign training or practice,контролировать,контролировать;направить,сотрудники;финансы;мероприятия;контроль,S_TRAINING,high
Обучение/КДЛ 4 фл с 30.03.-03.04..docx,КДЛ 4 фл с 30.03.-03.04..docx,Обучение,.docx,DEVELOPMENT,training,training_assignment,Assign training or practice,контролировать,контролировать;направить,сотрудники;финансы;мероприятия;контроль,S_TRAINING,high
Обучение/лучевая диагностика обучение с 19.01.- 21.02.26.docx,лучевая диагностика обучение с 19.01.- 21.02.26.docx,Обучение,.docx,DEVELOPMENT,training,training_assignment,Assign training or practice,контролировать,контролировать;направить,сотрудники;подразделения;финансы;мероприятия;контроль,S_TRAINING,high
Обучение/ОАРИТ 02.02 - 18.02.26.docx,ОАРИТ 02.02 - 18.02.26.docx,Обучение,.docx,SAFETY,infection_control,infection_control,Infection control regime,контролировать,контролировать;направить,сотрудники;подразделения;финансы;мероприятия;контроль,S_EPID,high
Обучение/Обучение ОАРИТ детский/НАО «Медицинский Университет Астана» представляет ценовое предложение в.pdf,НАО «Медицинский Университет Астана» представляет ценовое предложение в.pdf,Обучение,.pdf,DEVELOPMENT,training,training_assignment,Assign training or practice,направить,,мероприятия,S_TRAINING,medium
Обучение/Обучение ОАРИТ детский/Список на обучение МУА.docx,Список на обучение МУА.docx,Обучение,.docx,SAFETY,infection_control,infection_control,Infection control regime,утвердить,,мероприятия,S_EPID,high
Обучение/обучение УДП Абылтаева Г.docx,обучение УДП Абылтаева Г.docx,Обучение,.docx,DEVELOPMENT,training,training_assignment,Assign training or practice,контролировать,контролировать;направить,сотрудники;подразделения;финансы;процессы;мероприятия;контроль,S_TRAINING,high
Обучение/Обучение хирургов/WhatsApp Scan 2026-01-20 at 16.50.55.pdf,WhatsApp Scan 2026-01-20 at 16.50.55.pdf,Обучение,.pdf,DEVELOPMENT,training,training_assignment,Assign training or practice,направить,,мероприятия,S_TRAINING,medium
Обучение/Обучение хирургов/ОБУЧЕНИЕ.docx,ОБУЧЕНИЕ.docx,Обучение,.docx,DEVELOPMENT,training,training_assignment,Assign training or practice,обеспечить,обеспечить;контролировать;направить,сотрудники;подразделения;финансы;мероприятия;контроль,S_TRAINING,high
Обучение/Обучение хирургов/Список на 20.01.2026 обучение МУА.docx,Список на 20.01.2026 обучение МУА.docx,Обучение,.docx,DEVELOPMENT,training,training_assignment,Assign training or practice,направить,,мероприятия,S_TRAINING,high
Обучение/Садуева А обучение в МУА.docx,Садуева А обучение в МУА.docx,Обучение,.docx,CLINICAL,clinical_ops,clinical_operations,Clinical service operations,контролировать,контролировать;направить,сотрудники;финансы;мероприятия;контроль,S_CLINICAL,high
Обучение/СМР 29 фл с 09.02 - 13.02.26.docx,СМР 29 фл с 09.02 - 13.02.26.docx,Обучение,.docx,CLINICAL,clinical_ops,clinical_operations,Clinical service operations,контролировать,контролировать;направить,сотрудники;подразделения;финансы;мероприятия;контроль,S_CLINICAL,high
Обучение/СМР 3 фл с 02.03.-18.03. инфекционный контроль.docx,СМР 3 фл с 02.03.-18.03. инфекционный контроль.docx,Обучение,.docx,SAFETY,infection_control,infection_control,Infection control regime,контролировать,контролировать;направить,сотрудники;финансы;процессы;мероприятия;контроль,S_EPID,high
Обучение/СМР 5 фл с 16.02.-19.02.docx,СМР 5 фл с 16.02.-19.02.docx,Обучение,.docx,DEVELOPMENT,training,training_assignment,Assign training or practice,контролировать,контролировать;направить,сотрудники;подразделения;финансы;мероприятия;контроль,S_TRAINING,high
Обучение/СПИСОК.docx,СПИСОК.docx,Обучение,.docx,CLINICAL,clinical_ops,clinical_operations,Clinical service operations,организовать,,сотрудники;подразделения;документы;мероприятия,S_CLINICAL,high
ОУЧР/приказ о распределении должностных обязанностей ОК.docx,приказ о распределении должностных обязанностей ОК.docx,ОУЧР,.docx,ORGANIZATION,responsibility,responsibility_assignment,Assign operational responsibility,организовать,организовать;обеспечить;контролировать;провести;ввести,сотрудники;подразделения;имущество;контроль,S_RESPONSIBILITY,medium
по платным услугам 2026/Аптека.docx,Аптека.docx,по платным услугам 2026,.docx,CLINICAL,pharmacy,pharmaceutical_control,Pharmaceutical governance,создать,создать;контролировать;делегировать,сотрудники;подразделения;комиссии;документы;финансы;услуги;процессы;контроль,S_PHARMA,high
по платным услугам 2026/Ас блогы.docx,Ас блогы.docx,по платным услугам 2026,.docx,ORGANIZATION,governance_body,commission_create,Create or appoint commission,создать,создать;контролировать;делегировать,комиссии;документы;финансы;услуги;процессы;контроль,S_COMMISSION,high
по платным услугам 2026/ВЦРО.docx,ВЦРО.docx,по платным услугам 2026,.docx,ORGANIZATION,governance_body,commission_create,Create or appoint commission,создать,создать;контролировать;делегировать,сотрудники;комиссии;документы;финансы;услуги;процессы;контроль,S_COMMISSION,high
по платным услугам 2026/Гинекология.docx,Гинекология.docx,по платным услугам 2026,.docx,ORGANIZATION,governance_body,commission_create,Create or appoint commission,создать,создать;контролировать;делегировать,сотрудники;подразделения;комиссии;документы;финансы;услуги;процессы;контроль,S_COMMISSION,high
по платным услугам 2026/Диспансер.docx,Диспансер.docx,по платным услугам 2026,.docx,ORGANIZATION,governance_body,commission_create,Create or appoint commission,создать,создать;контролировать;делегировать,сотрудники;подразделения;комиссии;документы;финансы;услуги;процессы;контроль,S_COMMISSION,high
по платным услугам 2026/инсультный центр.docx,инсультный центр.docx,по платным услугам 2026,.docx,ORGANIZATION,governance_body,commission_create,Create or appoint commission,создать,создать;контролировать;делегировать,сотрудники;подразделения;комиссии;документы;финансы;услуги;процессы;контроль,S_COMMISSION,high
по платным услугам 2026/КДЛ.docx,КДЛ.docx,по платным услугам 2026,.docx,ORGANIZATION,governance_body,commission_create,Create or appoint commission,создать,создать;контролировать;делегировать,сотрудники;комиссии;документы;финансы;услуги;процессы;контроль,S_COMMISSION,high
по платным услугам 2026/Лучевая диагностика.docx,Лучевая диагностика.docx,по платным услугам 2026,.docx,ORGANIZATION,governance_body,commission_create,Create or appoint commission,создать,создать;контролировать;делегировать,сотрудники;подразделения;комиссии;документы;финансы;услуги;процессы;контроль,S_COMMISSION,high
по платным услугам 2026/ОАРИТ.docx,ОАРИТ.docx,по платным услугам 2026,.docx,ORGANIZATION,governance_body,commission_create,Create or appoint commission,создать,создать;контролировать;делегировать,сотрудники;подразделения;комиссии;документы;финансы;услуги;процессы;контроль,S_COMMISSION,high
по платным услугам 2026/ОГИШ.docx,ОГИШ.docx,по платным услугам 2026,.docx,ORGANIZATION,governance_body,commission_create,Create or appoint commission,создать,создать;контролировать;делегировать,сотрудники;подразделения;комиссии;документы;финансы;услуги;процессы;контроль,S_COMMISSION,high
по платным услугам 2026/опер блок.docx,опер блок.docx,по платным услугам 2026,.docx,ORGANIZATION,governance_body,commission_create,Create or appoint commission,создать,создать;контролировать;делегировать,сотрудники;комиссии;документы;финансы;услуги;процессы;контроль,S_COMMISSION,high
по платным услугам 2026/патологоанатом.docx,патологоанатом.docx,по платным услугам 2026,.docx,ORGANIZATION,governance_body,commission_create,Create or appoint commission,создать,создать;контролировать;делегировать,сотрудники;подразделения;комиссии;документы;финансы;услуги;процессы;контроль,S_COMMISSION,high
по платным услугам 2026/Прачка.docx,Прачка.docx,по платным услугам 2026,.docx,ORGANIZATION,governance_body,commission_create,Create or appoint commission,создать,создать;контролировать;делегировать,сотрудники;комиссии;документы;финансы;услуги;процессы;контроль,S_COMMISSION,high
по платным услугам 2026/Приемный покой.docx,Приемный покой.docx,по платным услугам 2026,.docx,ORGANIZATION,governance_body,commission_create,Create or appoint commission,создать,создать;контролировать;делегировать,сотрудники;подразделения;комиссии;документы;финансы;услуги;процессы;контроль,S_COMMISSION,high
по платным услугам 2026/Скрининг.docx,Скрининг.docx,по платным услугам 2026,.docx,FINANCE,revenue,paid_services,Regulate paid services or payroll charges,создать,создать;контролировать;делегировать,сотрудники;комиссии;документы;финансы;услуги;процессы;контроль,S_PAID_SERVICES,high
по платным услугам 2026/ТиПП.docx,ТиПП.docx,по платным услугам 2026,.docx,ORGANIZATION,governance_body,commission_create,Create or appoint commission,создать,создать;контролировать;делегировать,сотрудники;подразделения;комиссии;документы;финансы;услуги;процессы;контроль,S_COMMISSION,high
по платным услугам 2026/Трансфузиология.docx,Трансфузиология.docx,по платным услугам 2026,.docx,ORGANIZATION,governance_body,commission_create,Create or appoint commission,создать,создать;контролировать;делегировать,сотрудники;комиссии;документы;финансы;услуги;процессы;контроль,S_COMMISSION,high
по платным услугам 2026/Хиругия 1.docx,Хиругия 1.docx,по платным услугам 2026,.docx,CLINICAL,clinical_ops,clinical_operations,Clinical service operations,создать,создать;контролировать;делегировать,сотрудники;подразделения;комиссии;документы;финансы;услуги;процессы;контроль,S_CLINICAL,high
по платным услугам 2026/Хиругия 2.docx,Хиругия 2.docx,по платным услугам 2026,.docx,CLINICAL,clinical_ops,clinical_operations,Clinical service operations,создать,создать;контролировать;делегировать,сотрудники;подразделения;комиссии;документы;финансы;услуги;процессы;контроль,S_CLINICAL,high
по платным услугам 2026/ЦАХ.docx,ЦАХ.docx,по платным услугам 2026,.docx,ORGANIZATION,governance_body,commission_create,Create or appoint commission,создать,создать;контролировать;делегировать,сотрудники;комиссии;документы;финансы;услуги;процессы;контроль,S_COMMISSION,high
по платным услугам 2026/Цитология.docx,Цитология.docx,по платным услугам 2026,.docx,CLINICAL,clinical_ops,clinical_operations,Clinical service operations,создать,создать;контролировать;делегировать,сотрудники;комиссии;документы;финансы;услуги;процессы;контроль,S_CLINICAL,high
по платным услугам 2026/ЦСО.docx,ЦСО.docx,по платным услугам 2026,.docx,ORGANIZATION,governance_body,commission_create,Create or appoint commission,создать,создать;контролировать;делегировать,подразделения;комиссии;документы;финансы;услуги;процессы;контроль,S_COMMISSION,high
по платным услугам 2026/Эндоскопия.docx,Эндоскопия.docx,по платным услугам 2026,.docx,FINANCE,revenue,paid_services,Regulate paid services or payroll charges,создать,создать;контролировать;делегировать,сотрудники;подразделения;комиссии;документы;финансы;услуги;процессы;контроль,S_PAID_SERVICES,high
Праздничный приказ/приказ 1-мая .docx,приказ 1-мая .docx,Праздничный приказ,.docx,ORGANIZATION,events,institutional_event,Organize outreach or holiday event,создать,создать;организовать;обеспечить;контролировать,сотрудники;подразделения;имущество;финансы;процессы;сроки;контроль,S_EVENT,high
Праздничный приказ/приказ 6 шілде.docx,приказ 6 шілде.docx,Праздничный приказ,.docx,ORGANIZATION,events,institutional_event,Organize outreach or holiday event,создать,создать;организовать;обеспечить;контролировать,сотрудники;подразделения;имущество;финансы;процессы;сроки;контроль,S_EVENT,high
"Праздничный приказ/приказ 7,9,11,27 мая.docx","приказ 7,9,11,27 мая.docx",Праздничный приказ,.docx,ORGANIZATION,events,institutional_event,Organize outreach or holiday event,создать,создать;организовать;обеспечить;контролировать,сотрудники;подразделения;имущество;финансы;процессы;сроки;контроль,S_EVENT,high
Праздничный приказ/приказ 8 и 22 марта.docx,приказ 8 и 22 марта.docx,Праздничный приказ,.docx,FINANCE,accounting,accounting_procedure,Accounting and asset decisions,создать,создать;организовать;обеспечить;контролировать,сотрудники;подразделения;документы;контроль,S_ACCOUNTING,medium
Практика врачей/приказ практики врачей.docx,приказ практики врачей.docx,Практика врачей,.docx,CLINICAL,clinical_ops,clinical_operations,Clinical service operations,назначить,назначить;организовать;контролировать;делегировать;провести,сотрудники;подразделения;документы;контроль,S_CLINICAL,high
приказ наказание/о наказании Аймуханов С.С..docx,о наказании Аймуханов С.С..docx,приказ наказание,.docx,HR_OPERATIONS,discipline,disciplinary_action,Impose disciplinary sanction,контролировать,контролировать;установить,сотрудники;подразделения;комиссии;документы;имущество;процессы;сроки;контроль,S_DISCIPLINE,high
приказ наказание/о наказании Ильясов Ерасыл.docx,о наказании Ильясов Ерасыл.docx,приказ наказание,.docx,GOVERNANCE,procurement,procurement_procedure,Authorize procurement,создать,создать;контролировать;признать;направить,сотрудники;подразделения;процессы;сроки;контроль;закупки,S_PROCUREMENT,high
приказ наказание/о наказании Кусайынов и Кумысбаев.docx,о наказании Кусайынов и Кумысбаев.docx,приказ наказание,.docx,HR_OPERATIONS,discipline,disciplinary_action,Impose disciplinary sanction,организовать,организовать;контролировать;установить,сотрудники;подразделения;документы;финансы;процессы;сроки;контроль,S_DISCIPLINE,high
приказ наказание/о наказании Кусембаева А.Д.docx,о наказании Кусембаева А.Д.docx,приказ наказание,.docx,HR_OPERATIONS,discipline,disciplinary_action,Impose disciplinary sanction,контролировать,контролировать;установить,сотрудники;подразделения;комиссии;документы;имущество;процессы;сроки;контроль,S_DISCIPLINE,high
приказ наказание/о наказании Мадиева Х.З..docx,о наказании Мадиева Х.З..docx,приказ наказание,.docx,HR_OPERATIONS,discipline,disciplinary_action,Impose disciplinary sanction,контролировать,контролировать;признать;установить,сотрудники;подразделения;документы;процессы;сроки;контроль,S_DISCIPLINE,high
"приказ наказание/о наказании Нурбеков, Ильясов.docx","о наказании Нурбеков, Ильясов.docx",приказ наказание,.docx,HR_OPERATIONS,discipline,disciplinary_action,Impose disciplinary sanction,создать,создать;организовать;контролировать;провести,сотрудники;подразделения;процессы;сроки;контроль;закупки,S_DISCIPLINE,high
приказ наказание/о наказании Сапаргалиев А.С..docx,о наказании Сапаргалиев А.С..docx,приказ наказание,.docx,GOVERNANCE,procurement,procurement_procedure,Authorize procurement,создать,создать;изменить;контролировать;направить;ввести,сотрудники;подразделения;документы;оборудование;процессы;сроки;контроль;закупки,S_PROCUREMENT,high
"Приказы о снятии наказания/Приказ о снятии наказания Ильясов, Сапаргалиев.docx","Приказ о снятии наказания Ильясов, Сапаргалиев.docx",Приказы о снятии наказания,.docx,HR_OPERATIONS,discipline,disciplinary_action,Impose disciplinary sanction,контролировать,контролировать;делегировать,подразделения;сроки;контроль;закупки,S_DISCIPLINE,high
Проект приказа по Антибиотикам.docx,Проект приказа по Антибиотикам.docx,root,.docx,CLINICAL,clinical_ops,clinical_operations,Clinical service operations,утвердить,утвердить;обеспечить;контролировать;делегировать,сотрудники;подразделения;документы;проекты;процессы;мероприятия;контроль,S_CLINICAL,high
Трансфузиология/О входной аттестации вновь прибывших сотрудников (1)+.docx,О входной аттестации вновь прибывших сотрудников (1)+.docx,Трансфузиология,.docx,CLINICAL,clinical_ops,clinical_operations,Clinical service operations,организовать,организовать;направить;провести,сотрудники;подразделения;имущество;мероприятия,S_CLINICAL,high
Трансфузиология/О сканированном информированном согласии+.docx,О сканированном информированном согласии+.docx,Трансфузиология,.docx,CLINICAL,clinical_ops,clinical_operations,Clinical service operations,создать,создать;контролировать;ввести,сотрудники;подразделения;документы;процессы;контроль,S_CLINICAL,high
Трансфузиология/О создании Трансфузионного совета kz+.docx,О создании Трансфузионного совета kz+.docx,Трансфузиология,.docx,CLINICAL,clinical_ops,clinical_operations,Clinical service operations,утвердить,утвердить;создать;изменить;обеспечить;контролировать;провести,сотрудники;подразделения;процессы;контроль,S_CLINICAL,high
Трансфузиология/О тактике трансфузионной терапии пациентов с хр. анемией+.docx,О тактике трансфузионной терапии пациентов с хр. анемией+.docx,Трансфузиология,.docx,CLINICAL,clinical_ops,clinical_operations,Clinical service operations,создать,создать;контролировать;делегировать,сотрудники;подразделения;документы;процессы;сроки;контроль,S_CLINICAL,high
Трансфузиология/Об организации трансфузионной помощи 2026г+.docx,Об организации трансфузионной помощи 2026г+.docx,Трансфузиология,.docx,CLINICAL,clinical_ops,clinical_operations,Clinical service operations,назначить,назначить;утвердить;создать;изменить;организовать;обеспечить,сотрудники;подразделения;документы;процессы;контроль,S_CLINICAL,high
Трансфузиология/об утверждении маркировки медицинских карт реципиентов+.docx,об утверждении маркировки медицинских карт реципиентов+.docx,Трансфузиология,.docx,CLINICAL,clinical_ops,clinical_operations,Clinical service operations,утвердить,утвердить;изменить;организовать;обеспечить;контролировать;делегировать,сотрудники;подразделения;документы;процессы;контроль,S_CLINICAL,high
Трансфузиология/Об утилизации компонентов крови+.docx,Об утилизации компонентов крови+.docx,Трансфузиология,.docx,CLINICAL,clinical_ops,clinical_operations,Clinical service operations,создать,создать,сотрудники;подразделения;комиссии;документы;сроки,S_CLINICAL,high
Экономисты/297 оплата неустойки.docx,297 оплата неустойки.docx,Экономисты,.docx,FINANCE,revenue,paid_services,Regulate paid services or payroll charges,контролировать,контролировать;делегировать;направить,документы;финансы;услуги;процессы;контроль,S_PAID_SERVICES,high
Экономисты/308 оплата неустойки.docx,308 оплата неустойки.docx,Экономисты,.docx,FINANCE,revenue,paid_services,Regulate paid services or payroll charges,контролировать,контролировать;делегировать;направить,документы;финансы;услуги;процессы;контроль,S_PAID_SERVICES,high
Экономисты/Коечный фонд на 26 год.docx,Коечный фонд на 26 год.docx,Экономисты,.docx,FINANCE,allocation,funds_allocation,Allocate funds,утвердить,утвердить,подразделения;финансы,S_FUNDS,high
Экономисты/О назначении ответственных лиц за обеспечение информационной безопасности.docx,О назначении ответственных лиц за обеспечение информационной безопасности.docx,Экономисты,.docx,ORGANIZATION,responsibility,responsibility_assignment,Assign operational responsibility,назначить,назначить;утвердить;обеспечить;контролировать;ввести,подразделения;документы;процессы;контроль;закупки,S_RESPONSIBILITY,high
Экономисты/приказ 01.04.2026.docx,приказ 01.04.2026.docx,Экономисты,.docx,FINANCE,revenue,paid_services,Regulate paid services or payroll charges,утвердить,утвердить;изменить;контролировать;делегировать;ввести,услуги;процессы;контроль,S_PAID_SERVICES,high
Экономисты/приказ 17.04.2026.docx,приказ 17.04.2026.docx,Экономисты,.docx,FINANCE,revenue,paid_services,Regulate paid services or payroll charges,утвердить,утвердить;изменить;контролировать;делегировать;ввести,услуги;процессы;контроль,S_PAID_SERVICES,high
Экономисты/приказ 19.05.2026.docx,приказ 19.05.2026.docx,Экономисты,.docx,FINANCE,revenue,paid_services,Regulate paid services or payroll charges,утвердить,утвердить;изменить;контролировать;делегировать;ввести,услуги;процессы;контроль,S_PAID_SERVICES,high
Экономисты/приказ прейскурант цен январь 2026.docx,приказ прейскурант цен январь 2026.docx,Экономисты,.docx,FINANCE,revenue,paid_services,Regulate paid services or payroll charges,утвердить,утвердить;изменить;контролировать;делегировать;ввести,подразделения;услуги;процессы;контроль;закупки,S_PAID_SERVICES,high
Экономисты/Приказ скрининг 2026.docx,Приказ скрининг 2026.docx,Экономисты,.docx,FINANCE,revenue,paid_services,Regulate paid services or payroll charges,организовать,организовать;контролировать;делегировать,сотрудники;подразделения;документы;финансы;услуги;процессы;контроль,S_PAID_SERVICES,high
Экономисты/Проект приказа по детск паллиативке.docx,Проект приказа по детск паллиативке.docx,Экономисты,.docx,GOVERNANCE,regulation,document_approval,Approve internal regulation,утвердить,утвердить;создать;организовать;обеспечить;контролировать;делегировать,сотрудники;подразделения;документы;финансы;проекты;процессы;контроль;планы,S_REGULATION,high
Эпидемиолог -Производ.приказы на 2026 год/БРАКЕРАЖ -приказ+.docx,БРАКЕРАЖ -приказ+.docx,Эпидемиолог -Производ.приказы на 2026 год,.docx,ORGANIZATION,governance_body,commission_create,Create or appoint commission,утвердить,утвердить;создать;организовать;обеспечить;контролировать;признать,сотрудники;подразделения;комиссии;документы;контроль,S_COMMISSION,high
Эпидемиолог -Производ.приказы на 2026 год/О соблюдении санитарно-противоэпидемического режима в отделении детской паллиативной помощи.docx,О соблюдении санитарно-противоэпидемического режима в отделении детской паллиативной помощи.docx,Эпидемиолог -Производ.приказы на 2026 год,.docx,SAFETY,infection_control,infection_control,Infection control regime,утвердить,утвердить;создать;обеспечить;запретить;контролировать;делегировать,подразделения;финансы;процессы;контроль,S_EPID,high
Эпидемиолог -Производ.приказы на 2026 год/приказ по аттестационной комиссии - каз+.docx,приказ по аттестационной комиссии - каз+.docx,Эпидемиолог -Производ.приказы на 2026 год,.docx,SAFETY,infection_control,infection_control,Infection control regime,утвердить,утвердить;создать;обеспечить;контролировать;делегировать;провести,сотрудники;подразделения;комиссии;документы;процессы;контроль;планы,S_EPID,high
Эпидемиолог -Производ.приказы на 2026 год/приказ по вентиляции+.docx,приказ по вентиляции+.docx,Эпидемиолог -Производ.приказы на 2026 год,.docx,SAFETY,infection_control,infection_control,Infection control regime,назначить,назначить;обеспечить;контролировать,подразделения;документы;контроль,S_EPID,high
Эпидемиолог -Производ.приказы на 2026 год/приказ по ВИЧ ( СПИД)+.doc,приказ по ВИЧ ( СПИД)+.doc,Эпидемиолог -Производ.приказы на 2026 год,.doc,SAFETY,infection_control,infection_control,Infection control regime,утвердить,,,S_EPID,high
Эпидемиолог -Производ.приказы на 2026 год/приказ по медосмотру+.docx,приказ по медосмотру+.docx,Эпидемиолог -Производ.приказы на 2026 год,.docx,SAFETY,infection_control,infection_control,Infection control regime,назначить,назначить,сотрудники,S_EPID,high
Эпидемиолог -Производ.приказы на 2026 год/приказ по медотходам+.docx,приказ по медотходам+.docx,Эпидемиолог -Производ.приказы на 2026 год,.docx,CLINICAL,clinical_ops,clinical_operations,Clinical service operations,назначить,назначить;контролировать;делегировать,сотрудники;подразделения;контроль,S_CLINICAL,high
Эпидемиолог -Производ.приказы на 2026 год/Приказ по составу КИК+.docx,Приказ по составу КИК+.docx,Эпидемиолог -Производ.приказы на 2026 год,.docx,SAFETY,infection_control,infection_control,Infection control regime,утвердить,утвердить;создать;обеспечить;контролировать;провести,сотрудники;подразделения;комиссии;процессы;контроль,S_EPID,high
Эпидемиолог -Производ.приказы на 2026 год/Қан мен оның компоненттерін құяр алдында на 14 год+.docx,Қан мен оның компоненттерін құяр алдында на 14 год+.docx,Эпидемиолог -Производ.приказы на 2026 год,.docx,CLINICAL,clinical_ops,clinical_operations,Clinical service operations,назначить,назначить;утвердить;изменить;организовать;контролировать;делегировать,сотрудники;подразделения;документы;имущество;оборудование;финансы;процессы;мероприятия,S_CLINICAL,high

section,key,value
aggregate,domain.CLINICAL,40
aggregate,domain.ORGANIZATION,39
aggregate,domain.FINANCE,33
aggregate,domain.OPERATIONS,33
aggregate,domain.SAFETY,17
aggregate,domain.GOVERNANCE,14
aggregate,domain.DEVELOPMENT,10
aggregate,domain.HR_OPERATIONS,6
aggregate,domain.ADMINISTRATIVE,1
aggregate,category.clinical_ops,35
aggregate,category.mobility,33
aggregate,category.governance_body,28
aggregate,category.accounting,18
aggregate,category.infection_control,11
aggregate,category.training,10
aggregate,category.revenue,10
aggregate,category.procurement,8
aggregate,category.events,6
aggregate,category.discipline,6
aggregate,category.pharmacy,5
aggregate,category.responsibility,5
aggregate,category.regulation,5
aggregate,category.facility,3
aggregate,category.allocation,3
aggregate,category.emergency_preparedness,2
aggregate,category.planning,2
aggregate,category.radiation,1
aggregate,category.general,1
aggregate,category.compliance,1
aggregate,order_type.clinical_operations,35
aggregate,order_type.business_travel,33
aggregate,order_type.commission_create,28
aggregate,order_type.accounting_procedure,18
aggregate,order_type.infection_control,11
aggregate,order_type.training_assignment,10
aggregate,order_type.paid_services,10
aggregate,order_type.procurement_procedure,8
aggregate,order_type.disciplinary_action,6
aggregate,order_type.pharmaceutical_control,5
aggregate,order_type.responsibility_assignment,5
aggregate,order_type.document_approval,5
aggregate,order_type.conference_support,3
aggregate,order_type.transport_access,3
aggregate,order_type.funds_allocation,3
aggregate,order_type.institutional_event,3
aggregate,order_type.emergency_drill,2
aggregate,order_type.economic_plan,2
aggregate,order_type.radiation_safety,1
aggregate,order_type.operational_directive,1
aggregate,order_type.compliance_program,1
aggregate,scenario.S_CLINICAL,35
aggregate,scenario.S_TRAVEL,33
aggregate,scenario.S_COMMISSION,28
aggregate,scenario.S_ACCOUNTING,18
aggregate,scenario.S_EPID,11
aggregate,scenario.S_TRAINING,10
aggregate,scenario.S_PAID_SERVICES,10
aggregate,scenario.S_PROCUREMENT,8
aggregate,scenario.S_DISCIPLINE,6
aggregate,scenario.S_PHARMA,5
aggregate,scenario.S_RESPONSIBILITY,5
aggregate,scenario.S_REGULATION,5
aggregate,scenario.S_CONFERENCE,3
aggregate,scenario.S_TRANSPORT,3
aggregate,scenario.S_FUNDS,3
aggregate,scenario.S_EVENT,3
aggregate,scenario.S_DRILL,2
aggregate,scenario.S_PLAN,2
aggregate,scenario.S_RADIATION,1
aggregate,scenario.S_GENERAL,1
aggregate,scenario.S_COMPLIANCE,1
